i,j,w_k,v_k,wk_vk,d_k,d_k_renorm,ratio
36,37,0.3388684015082782,13.823639459368994,4.68439460662313,4.24631516031204,0.3162620081749349,0.906481096683934
14,55,0.560606390085956,7.916622792985348,4.438109325647715,4.143338556059683,0.4185426873563102,0.9335819043743335
21,3,0.3073487761810712,14.029303604764433,4.311889293597039,3.9157625868551014,0.05301285757814952,0.9081315219919566
46,13,0.31888426909247264,11.679750641995746,3.7244887466551515,3.5054162392993744,0.24325426399177705,0.9411805157009753
46,7,0.3156448083771281,11.462244914186892,3.6179980995102325,3.2997021893582885,0.12704130412358228,0.9120243014513933
28,46,0.3582488820733369,9.778465843027023,3.5031244566567405,3.106839416143648,0.26858019490234025,0.8868766881062247
21,32,0.2493935411842913,13.133554028740688,3.275423547562856,3.068539231662492,0.3464317225274252,0.9368373851820476
31,26,0.28780958387987027,10.898837755896201,3.1367899592987047,2.9812420947460603,0.26987943227656985,0.9504117691745544
24,47,0.29472420754994555,10.785431778559255,3.178727834019876,2.9515456904923996,0.008348085300569479,0.9285304828252069
55,6,0.24861771330075721,12.12313267554899,3.0140255238366804,2.8470833450678366,0.07437111705028869,0.944611557716228
36,36,0.3399661128510471,12.694516185696452,4.3157053221759245,2.830555740160162,0.23172846546660916,0.6558732649366874
50,27,0.26156713497027617,10.732104970210575,2.8071659492582413,2.6744420244608658,0.21411650584229608,0.9527196014783358
31,49,0.29248507036592325,9.724527789219344,2.8442791947051957,2.666247673263587,0.21160045943108916,0.9374071568736903
25,33,0.32915040833492243,8.418480331988555,2.770946238833546,2.662810600969122,0.20095893811326415,0.9609751945566635
21,29,0.1960988131352871,14.915655504393253,2.924942341546329,2.6467930311883374,0.17938726769871619,0.9049043441277059
24,20,0.2396055360511334,11.57474948142921,2.773374054155424,2.62435744164944,0.2704900963222152,0.9462688373093026
0,10,0.25562799901844996,10.463190129148796,2.6746843560639038,2.5676932784178965,0.26009945699041853,0.9599986153867305
9,48,0.3178274582420854,8.335429862048455,2.649228486410037,2.530213275005621,0.09818903331471197,0.9550755202826264
8,20,0.3909937668798576,6.699769646819264,2.619568171437197,2.515085365613295,0.26190645697030646,0.96011449254761
50,14,0.2717729235991081,9.360485210427445,2.543926431944079,2.4203092379632047,0.3025219520638676,0.9514069304722756
30,46,0.30310963232304733,8.261853076451768,2.5042472483103326,2.4114990256339035,0.10828781392963197,0.9629636319900089
40,21,0.30609896724605723,8.10881029379654,2.4820984565253186,2.38268028203961,0.15598495947587507,0.9599459182514123
21,2,0.16495830817744145,15.175154073400483,2.503267742280153,2.380084383326765,0.20460481236895736,0.9507909773801567
3,27,0.28437870730253345,8.449132049304719,2.4027532500096815,2.3136050468811105,0.07760446620748425,0.9628974789116561
10,38,0.26201185789863274,9.152948427461487,2.398181022729553,2.31117052089557,0.09751851895484327,0.963718125942407
47,5,0.2701770797759136,8.878209685502519,2.398688766467303,2.2986726077830344,0.15469974591638844,0.9583038199526117
50,0,0.21590605896815832,11.072192260605336,2.3905533951250417,2.2872174574961623,0.25973933679935063,0.9567732150055263
0,46,0.24820331341033514,9.701993809939225,2.4080670103134767,2.2709515258524906,0.006174576821985603,0.9430599381687735
47,50,0.24354950744452897,9.711509006574909,2.365233235094426,2.26416006309516,0.13555360248402695,0.9572671436797096
6,0,0.2796449423791045,8.453579901243302,2.3640008643803387,2.263182353658578,0.2324577561032843,0.9573525914305502
55,59,0.21329831734473936,11.718378771253523,2.4995104739166907,2.2590744118112096,0.04869032415610506,0.903806739513789
3,35,0.2965699996284217,7.959980093167865,2.360691293273038,2.25530192829526,0.12455403672598192,0.955356566409978
55,11,0.18265864877174362,12.753787980489783,2.3295896792375688,2.2524878176721255,0.1960331346175335,0.9669032438404873
56,49,0.24835698628377373,9.373423650293311,2.3279552489478963,2.226804541678565,0.13988635857660453,0.956549548229054
10,37,0.27096164924906907,8.490901277910018,2.3007086138735264,2.2156646040127232,0.14435554406202025,0.9630357319705858
59,13,0.28166786363795177,8.12486860682516,2.288514382823504,2.208816177580563,0.24204768731428006,0.9651746976811166
52,29,0.27808174921186046,8.273487383302184,2.30070584363093,2.208295935779222,0.10863928241603664,0.9598341056473919
32,24,0.31160036869788504,7.340308724045607,2.287242904768913,2.1901485906996947,0.20635818190225405,0.9575496271660625
37,30,0.19413801803679703,11.609762217135708,2.2538962267132168,2.160928633672705,0.15954265426401254,0.9587524962601836
37,25,0.1856276785428013,12.023696755460954,2.231930916218829,2.152204725812199,0.24753093105761997,0.9642792750316411
56,21,0.2211124880886749,10.191213120182313,2.253404489645459,2.1510952080151093,0.11339133628370097,0.9545979063676905
7,0,0.27920377259161966,8.008500757416472,2.2360036242735224,2.1348463159343574,0.17354916501100132,0.9547597744292426
13,47,0.3214097512715726,6.845206456592624,2.2001161046159985,2.1250373241396963,0.01733145141270747,0.9658750825382435
34,0,0.24697586872019392,8.88735715674761,2.1949627544143735,2.124402239045665,0.30363275266289635,0.9678534338558585
4,21,0.426692494208017,5.033017741070666,2.147550893330642,2.1206246298287788,0.058531808516302006,0.9874618740885328
26,56,0.4353142817711196,4.988472090540371,2.1715531452288572,2.1146311867970624,0.3144964988708736,0.9737874439974639
52,30,0.2614478647196098,8.320139780953836,2.1752827798990624,2.1004656876191174,0.11695955206148932,0.9656058086004724
29,50,0.24959154544968137,8.614029999974248,2.1499890602434912,2.0851631584153525,0.1527539278194021,0.9698482643345185
59,55,0.32893351733244736,6.935476204596096,2.281310582353286,2.0719165633146246,0.27222474481909564,0.9082132785170088
46,28,0.2237437562011114,10.26668777897623,2.2971072874121874,2.067947573167743,0.2514286919559371,0.9002398732091416
27,44,0.27329062579006635,7.862085546566185,2.1486342790361084,2.0568824396452787,0.07620786176818527,0.957297600486952
9,36,0.28497815866430043,7.495884392117124,2.136163331626007,2.0564879606109923,0.2501496319745144,0.9627016484014042
38,4,0.37995725730145,5.51291775470605,2.0946731098065787,2.037493482294353,0.01935940552112055,0.9727023623664574
37,34,0.21032461013929452,10.506364046085114,2.2097469219743524,2.030866311573477,0.1150284265810534,0.9190492772624612
36,8,0.16253074559314212,13.027783492766833,2.1174153645054226,2.02603057980388,0.06544921648010886,0.9568413518512048
28,40,0.22743257063428185,8.843520579918765,2.0113046189481,1.9435517867607233,0.12623652679684527,0.966313987672931
33,39,0.3598753255604223,5.46700893726854,1.9674416211412542,1.9304984632804394,0.001352976335392921,0.9812227425384112
54,35,0.3875242784871919,5.093603034733011,1.9738948409350812,1.927310450927636,0.11896242996739456,0.9763997609997415
58,46,0.3799278178755526,5.232612735016905,1.9880151382027995,1.9209873063544476,0.20710480750165178,0.9662840435365365
39,14,0.28895595449069444,7.031411011672109,2.0317680802940936,1.909399364765052,0.11402007191966876,0.9397723014177243
23,9,0.35598822994157403,5.460503398134344,1.9438749392917953,1.9045125050783411,0.10681443220488701,0.9797505315708247
39,24,0.27928996162486086,7.0246868638348365,1.9619245246270958,1.8891757273042578,0.11504669046567909,0.9629196758541639
29,21,0.24651696067762338,8.245903189743244,2.0327549923774244,1.8766852503949105,0.023955583379102054,0.9232225513808817
47,52,0.2151935920623899,8.990291484540423,1.9346531182461693,1.8640382723021165,0.08292581543625592,0.9634999963155837
31,59,0.18499795049827059,10.36203262901764,1.9169547993644702,1.8502702450966744,0.027906724645388445,0.9652132881328742
57,55,0.3983688229905954,4.691853711648573,1.8690882407534983,1.849416496362065,0.03279064013812422,0.9894752190065125
22,7,0.28599985711693365,6.586985156913802,1.8838768137087103,1.8437500659923558,0.09655661159867572,0.9786999089195442
11,40,0.28765757064082653,6.695975888021728,1.9261481570178813,1.8334757670314228,0.1006384460765033,0.9518871953599163
10,53,0.20961271345158197,9.00207614194934,1.8869496068117495,1.8326474391087657,0.03280070073300937,0.9712222480627162
37,56,0.1919986074963236,9.860845872057343,1.8932686761708808,1.803428957788116,0.2607499109675656,0.9525478240286187
38,50,0.3116767941492463,5.872422159747388,1.8302977126410591,1.7930726457985682,0.1484494113408198,0.9796617421387822
55,53,0.148714958283576,12.39813929457484,1.8437887679866618,1.7906122933698179,0.08810627993860749,0.9711591286701945
18,37,0.2791045895750423,6.556008163339196,1.8298119676794131,1.7852525723589252,0.06178921379970085,0.9756481014948226
40,24,0.24530472701427555,7.506186158321447,1.8413029464853763,1.7732768864653414,0.08392287305960443,0.9630554764766542
9,27,0.2048756900331195,8.866342324218264,1.8164980017440695,1.7695974664605831,0.19173196848249005,0.9741807944525918
33,9,0.31900588613146624,5.636877802455904,1.7981971983872376,1.7678868413690019,0.07852376650692443,0.98314403056271
17,42,0.32095988418990834,5.572877915301111,1.7886702502995426,1.7349959533862291,0.10797313128291737,0.9699920670652823
53,25,0.21201814830346427,8.380384664315883,1.7767936385990026,1.7303761379137959,0.1475391617548251,0.9738756940159877
57,56,0.3836286835650457,4.5399924356930645,1.7416713215001958,1.7262625908382976,0.06861166503257997,0.9911529055616385
11,52,0.2585731631169459,6.859143737838428,1.773590492566674,1.7221838951077284,0.03010376862587434,0.971015520395268
7,58,0.23207230475024979,7.731744457328662,1.7943237559522318,1.72142514212116,0.05262087869264546,0.959372653018025
30,9,0.21230207110952407,8.22772184033462,1.7467623872161049,1.69132078533983,0.05732913459896798,0.9682603642704749
20,42,0.2166886018334177,7.939340105736004,1.7203645069919133,1.6646038100197633,0.06098889350401772,0.967587858999923
56,36,0.18850786100273312,9.153106693917584,1.725432564400202,1.6546972432790885,0.1480807989537399,0.9590042969046996
40,36,0.2344324437076353,7.282823438625107,1.7073300958081274,1.6540232249830484,0.14882494988704004,0.9687776423809554
37,28,0.1625588002017394,10.493982811869198,1.7058892552351326,1.648852405819484,0.09056278581570562,0.9665647407997849
13,18,0.2632241020188879,6.4273286440796,1.691827810718129,1.6475216296700443,0.1633678671026407,0.9738116486988838
49,21,0.24578369400898956,6.879510838191628,1.6908715867856183,1.643372149243703,0.09084604916658988,0.9719083117173831
43,11,0.31065330228604454,5.309472626408143,1.6494052047910477,1.6280740281325456,0.06865422345649157,0.9870673521603175
15,6,0.25839895119657863,6.4418677193824205,1.6645718624355135,1.6239158782545091,0.0811154905250648,0.9755757110290698
32,35,0.21001040031736923,7.936267097006502,1.6666986300679014,1.6120081200171454,0.03682036805868817,0.9671863232715756
0,15,0.16768375864470586,10.175182811012453,1.706212898647572,1.6100836894339778,0.08910802721618927,0.9436593116311622
8,55,0.27894509308319076,5.9507832344810065,1.6599417832601955,1.604565332671273,0.13124695269979472,0.9666395224535159
48,22,0.2530016745738102,6.4766937105326985,1.6386143544664369,1.596108263863161,0.04397842452545866,0.974059734990472
34,37,0.21355184548301506,7.9306458462968825,1.693604056348907,1.592633895194337,0.012688404818038209,0.9403814836318692
48,21,0.24094176706889595,6.736942087930944,1.623210731306899,1.5882898869480522,0.041958404225529794,0.9784865614270977
1,14,0.3879329554819831,4.0948209130397055,1.5885159789649255,1.5799728835094837,0.018615188113808172,0.9946219644192635
20,53,0.20157454314926074,8.255733793523186,1.6641457677913496,1.5755577382801043,0.1317574758562839,0.946766664780322
24,31,0.15504081957582594,10.457872719340157,1.6213971574261694,1.5741903467120786,0.05918608654213931,0.9708851033209978
3,29,0.19977877682491682,8.17352272081277,1.6328963715146412,1.5724416148670766,0.020285703497261144,0.96297697900358
19,43,0.25855299526572634,6.155801171214176,1.5916008310776915,1.5721573785210115,0.21864696654565408,0.9877837129907034
44,22,0.25716323658127777,6.246996849655743,1.6064979287705168,1.5693781029168987,0.022312413530537204,0.9768939472694953
5,10,0.22735308687123293,7.0334620976466296,1.5990793192917783,1.5690441293627906,0.19918980793605268,0.9812171981923385
18,47,0.25177929738587845,6.379489132813445,1.6062232915406163,1.5680047802269195,0.005816998511067877,0.976205978636358
26,10,0.24859661437827787,6.397659048600153,1.5904363794285523,1.565919730842795,0.3334906508132443,0.9845849548571278
6,10,0.1834591186034626,8.683114662446098,1.5929965627051637,1.5616672722732952,0.18844806970871597,0.9803331085795526
16,9,0.2745963259412211,5.7585934833740495,1.5812886131235722,1.5608369631781185,0.024989778078697178,0.9870664660608319
27,24,0.20637733942444272,7.830417904033945,1.616020813616047,1.5589810233750805,0.06069783284688408,0.9647035547064936
28,31,0.18531432096205114,8.644246197123598,1.6019026142487525,1.5570413333050286,0.14308381488537283,0.9719950011038826
27,31,0.20555210182698347,7.805915892504685,1.6045224183889915,1.5562402748684787,0.0671712553096674,0.9699087136663443
35,31,0.2401100275500343,6.647108878000075,1.5960374958246755,1.5381136766122077,0.08182630186034176,0.9637077328295859
49,52,0.23409632494810384,6.652927072781756,1.5574257778859553,1.5091023610656433,0.015897271997463797,0.9689722505518652
0,59,0.1702066098590402,9.10888200550067,1.5503919257622842,1.5032637259464363,0.12647347755874047,0.969602395992435
24,24,0.1735225322248972,10.490698965673069,1.8203726493327006,1.4892787519490491,0.049125067600874886,0.8181175170342064
55,18,0.14301102117123252,10.684593226702821,1.5280145881500047,1.481993214149473,0.2079491480283866,0.9698815872849417
29,56,0.21617963035626897,7.238232417569643,1.5647584084629684,1.475745833128419,0.2531393362251272,0.9431141735023589
43,10,0.26425492667977946,5.60375017376376,1.4808185912997436,1.4697126509136087,0.1610231086773628,0.9925001344179594
39,48,0.1974008334761664,7.579011072735476,1.4961031026830771,1.4643712390008894,0.06436824819212518,0.9787903229227447
15,9,0.22110115908586983,6.604843417186491,1.4603385351206106,1.4427309938116262,0.016867310495001522,0.9879428359345936
53,21,0.18620953825613976,7.829712532002238,1.4579671552624476,1.4236454443725493,0.0022685559733137423,0.9764592015903677
10,9,0.16126547602975752,9.025094381158517,1.4554361415910182,1.4216790416311094,0.02816973508565914,0.9768061964415649
20,40,0.19543273126509086,7.516524638619905,1.4689749397468381,1.41910278851659,0.04937981636189701,0.9660496922848507
1,31,0.3486711059566925,4.078104257258888,1.4219171215851523,1.4183311081926553,0.024764743821385087,0.9974780433134532
53,20,0.185252815772636,7.996780642740289,1.4814261311837484,1.4068985166866361,0.03489445067350165,0.9496919806338503
25,25,0.2046224340769235,8.535851922084193,1.7466267972170535,1.4004073477628003,0.1016083002280711,0.801778233331875
35,34,0.21340666294094654,6.736964231064638,1.4377130549040242,1.3852580811351711,0.045848321549025864,0.963514990985211
59,3,0.19191441200075274,7.390058268148339,1.4182586871829896,1.384079360607384,0.03195995112695496,0.9759004990524724
36,21,0.09908908462260511,14.134274212281074,1.4005522934998247,1.365601018149232,0.09239567897264919,0.9750446480914658
14,24,0.172316654801225,8.078272844339407,1.3920209531081436,1.3533875639352457,0.030959709685622436,0.9722465462271699
34,32,0.1891413347300834,7.337718122087103,1.3878657994846757,1.3501480060811517,0.15104216713593308,0.9728231696338876
18,32,0.22695937194189367,6.065854009991722,1.3767024163989383,1.3465686133989383,0.09706799909612936,0.978111607388021
47,39,0.14766886219125097,9.372956019529244,1.3840937507725202,1.3390209239135231,0.014022202447075848,0.9674351344814324
44,30,0.20242653807917063,6.715590225039589,1.3594136804130825,1.333459886996494,0.10320168316489423,0.9809080975198793
13,17,0.20163299785532118,6.841769581534048,1.3795265113600563,1.332875881091415,0.009930182256528646,0.9661835927874636
22,46,0.2042266729586805,6.5928257721528105,1.3464308728430123,1.3266287235171406,0.06329128887686189,0.9852928585304501
53,48,0.1769409236009204,7.8197628053060075,1.3836360531109693,1.3252916160243289,0.004182680067199027,0.9578325261506024
42,5,0.25715292942208534,5.26216513371032,1.3531811792363682,1.3233793845606527,0.08707925046639262,0.9779764933676263
53,36,0.19198270805449827,7.032155381567644,1.3500522336133698,1.3193080146680396,0.19440479089313578,0.9772273855930416
25,28,0.18022936888662508,7.4498787832726,1.342686951391079,1.316818676932262,0.13975565713854182,0.9807339496134848
26,36,0.2619643820952797,5.104061462566347,1.3370823072175226,1.3154260179135817,0.10291055085421112,0.9838033237093625
34,52,0.17186712702027798,7.841783977350517,1.347744882900882,1.3143369645132195,0.028674666011048476,0.9752119864734671
29,43,0.14582578279971767,9.071258264867678,1.3228233374527378,1.292307728743189,0.15551925636581457,0.9769314557389723
16,15,0.221996580960972,6.064507194187995,1.3462998623229525,1.2806542590669308,0.10195282514128928,0.9512399836818266
43,34,0.2752165882871453,4.655469599471433,1.2812624600410505,1.2687388432252464,0.19043040015749008,0.9902255648578022
42,13,0.2195888971016256,5.855733858768907,1.2858541397677106,1.258333116785225,0.09523790248043795,0.9785970880122863
12,39,0.25150661112254546,5.034116238978079,1.2661135152623508,1.2557937276994775,0.10379497865119482,0.9918492398679316
35,45,0.17774311055015557,7.214932774078873,1.2824045936750417,1.254960452587863,0.06651071083135875,0.9785994675763514
6,28,0.17752618585217667,7.205235318548364,1.2791179442692842,1.2524866531582968,0.1395738562936144,0.9791799566018903
45,10,0.20802950782159405,6.073948421838545,1.2635605007288204,1.2506837500434285,0.15663883182846378,0.9898091538331844
56,50,0.11992233349241939,10.646185570356554,1.2767154163904817,1.2492369779025947,0.11692954662698114,0.9784772407890446
30,25,0.14917430767635598,8.47131616168087,1.263702723526269,1.240537882982834,0.0803471925770366,0.9816690744490957
44,40,0.20618032848882611,6.134510619766631,1.2648154147016761,1.2242467483535484,0.04528603242881153,0.9679252277632177
2,31,0.2530316012598512,4.908138825459352,1.241914226211625,1.2186134915299762,0.08694960128291797,0.9812380483371013
45,30,0.22047510866965983,5.576050640082629,1.229380370819744,1.2111760107802323,0.02730020430054832,0.9851922476789075
27,37,0.15007395153653152,8.27316403862459,1.241586418986322,1.2061017802768044,0.03665026368738673,0.971419920380179
52,31,0.16697566799691832,7.428964682467987,1.2404563403806064,1.2042914153095645,0.11230314024074535,0.97084546719319
22,36,0.21479104778038266,5.672434982916137,1.2183882534466541,1.1999492761002861,0.18555232559421755,0.9848660906782327
15,16,0.19018597976774537,6.6048983933416,1.2561590722040794,1.1931019613828353,0.013067149328208136,0.949801651545132
45,28,0.23959728511989783,5.040153147034888,1.2076070106180685,1.1929953348001403,0.1387753137614811,0.9879003055717193
16,38,0.20622843531627907,5.840172627764212,1.2044096630007755,1.1842125391215874,0.038179592310534874,0.9832306859537584
27,11,0.13382671645940733,9.022838991534554,1.2074969153789796,1.1834414775947681,0.1483935159210437,0.9800782615029194
17,28,0.22841539150001464,5.220757212058083,1.1925013025187718,1.1736013740719349,0.03594782490734449,0.984151020710068
7,57,0.1797710798010308,6.5889742616943066,1.184507017805985,1.1656849543049363,0.2142045330096357,0.9841097914844674
32,6,0.14745991505025977,8.039855777878328,1.1855564500222784,1.1638375890503971,0.042108070998764034,0.9816804497403113
54,22,0.23930189612844566,4.892732818271739,1.1708402406623009,1.1594705539011299,0.003698614633048223,0.9902892927947714
2,33,0.20896524916303527,5.614624104866,1.1732613250301076,1.1556984280785263,0.11825867460337354,0.985030703239851
44,47,0.19048650912242351,6.184093448950367,1.1779863731774036,1.1488854462483145,0.029721480571922258,0.9752960411158282
17,14,0.22374596653124448,5.178342036957238,1.1586331440883706,1.1440711702462865,0.04742534131860724,0.9874317648201393
6,8,0.16440632109930056,7.109265259505333,1.168808147034336,1.1370694359122369,0.14470508641136723,0.9728452345214814
11,6,0.16029253739727428,7.191356572187045,1.152720792284426,1.1349906855335146,0.048335143750473784,0.9846189060962677
2,12,0.23916807821383831,4.808201989539473,1.1499684295021098,1.1349404466136712,0.11272155703438165,0.9869318300373298
19,35,0.2043871553594474,5.600404864588357,1.1446508191344253,1.1341448281685753,0.01190075267952178,0.990821662999556
20,31,0.15674289672573238,7.347151955581196,1.151613880201926,1.1313345360418328,0.07010188255241641,0.9823905004023246
31,21,0.10842844308872712,10.57294953157933,1.1464084565648334,1.1157181191338845,0.04034104816258245,0.9732291424969847
19,23,0.21388084206669347,5.239849602358229,1.120703445255207,1.1106322923086431,0.08899419879440076,0.9910135433336957
47,27,0.11555487459823767,9.87603966158021,1.1412245246211228,1.1105625509715824,0.07589390522315329,0.9731323915776171
20,18,0.15924667409192622,7.114709334707563,1.1329937986829606,1.1085321219642077,0.11544716459990877,0.978409699375947
49,55,0.1796710705140376,6.2408132217663015,1.1212935924329113,1.1019422750586572,0.0791121998796816,0.9827419709656354
35,16,0.14878606337103223,7.4882810539338935,1.1141518594307083,1.098152823472647,0.10207507244020035,0.9856401658152452
48,56,0.18825796574674494,5.913670278921803,1.1132955368068043,1.0961931958944409,0.1619113215479402,0.9846380944260165
56,29,0.10793948232977581,10.473390985457273,1.1304924012075985,1.0887995109815471,0.08109664817661795,0.9631197076764826
0,44,0.12844735562856277,8.638359921556104,1.1095744888916406,1.0852708065772985,0.1606327590879786,0.9780963941063396
32,22,0.14415166413099376,7.62329420164734,1.0989105453276196,1.0792631743497099,0.029306206331796897,0.9821210461020262
22,30,0.16666741958142658,6.527251282556743,1.0878801282232895,1.073408037605688,0.036058942024984136,0.9866969804465157
12,18,0.24067899612596297,4.461742339979572,1.0738476673589883,1.0661146295899362,0.08347612595206744,0.9927987572128637
58,14,0.23095389283726253,4.644634958084626,1.07269652437768,1.0643129479094113,0.07332416472233737,0.9921845775783301
5,59,0.17534879983593465,6.123082496526936,1.0736751670624167,1.0564874745902504,0.05000017164921232,0.9839917202153496
15,0,0.15699282374044893,6.963517037713106,1.0932222029153067,1.0559463466436083,0.05687952377825332,0.9659027632513367
56,14,0.11416084880262303,9.442860842741894,1.0780050089324669,1.0557895228417116,0.045186016313485615,0.979392038156896
5,45,0.17139037883027586,6.257803595436482,1.072527328867321,1.055194882708255,0.020759164832007557,0.9838396228305245
51,12,0.2612794841397407,3.994143632521623,1.0435877878852797,1.0421887233781535,0.08417850420591236,0.9986593705643477
31,54,0.11486353908276169,9.308256305832048,1.0691792619773024,1.0399009607822174,0.12035975893706252,0.972616097004221
49,32,0.17016623394244026,6.225280330071176,1.0593325090041636,1.0383981208445991,0.07691884557799913,0.9802381329925917
41,7,0.2089713803505458,4.991017867431916,1.0429798931114849,1.0361435156711332,0.06409032676955786,0.9934453410986122
14,39,0.12209865137996731,8.79861544636247,1.0742990800118066,1.0265566083342519,0.07724759225341378,0.9555594223565471
5,8,0.18072131366541436,5.7586188468897515,1.0407051629083295,1.0235906725674244,0.13227270053940335,0.9835549097372811
41,46,0.20461523604740162,4.995443354103021,1.0221438210612135,1.0157566401301115,0.06356292177549726,0.9937511915647343
30,5,0.13713205887931532,7.558569022234206,1.03652213220039,1.0150366037272525,0.07219872977025017,0.9792715198202988
42,50,0.17686983559562272,5.7560663580147375,1.0180745104195614,1.0086217375310538,0.05206835111368828,0.9907150480718626
28,39,0.10805814705654593,9.44460980272971,1.0205670349550622,1.00439037962019,0.022224042969455876,0.9841493456276643
41,57,0.23322143662018435,4.315278986236213,1.0064155645869024,0.9992404743182396,0.13174901550411872,0.9928706485460527
6,45,0.130460002997243,7.725530528204942,1.007872735864909,0.9939385520225655,0.018684149612643856,0.9861746594123454
11,16,0.13565037851509884,7.373355296692583,1.0001984369226578,0.9860145904206752,0.06852601519368386,0.9858189675384592
19,47,0.18617381818961937,5.325379790197573,0.9914462888509162,0.9808501690903979,0.05404627725096764,0.9893124621276265
51,34,0.23403017803191803,4.132275437412442,0.9670771562945558,0.965770985409686,0.03032442782451031,0.9986493622805914
12,14,0.20865506720763796,4.62639739806854,0.9653212600232326,0.9589268940285491,0.0260012438457778,0.9933759192307341
24,56,0.09853322912698605,9.948017178035053,0.9802102559625211,0.9582709991969248,0.09140714519075885,0.9776178053309054
16,40,0.18513202530615977,5.229603418690716,0.9681670724502293,0.9568575145337914,0.1063642858459156,0.9883185885594976
7,53,0.12770191556332192,7.57662921551606,0.9675500643344298,0.9551403212150283,0.0031225931113877145,0.9871740558170103
50,54,0.10635992698224228,8.893912030763257,0.9459558341784662,0.9283356783099646,0.15064536424723887,0.9813731727932054
30,8,0.12827075540205982,7.295075218072382,0.9357448089369907,0.9210827654626428,0.10600802013300012,0.9843311516833269
48,53,0.13400737926035525,6.985549754927753,0.9361152153506851,0.9071278710806887,0.05767953583515588,0.9690344267514793
13,10,0.1129011858247607,8.097278679500599,0.9141923648691701,0.90344492253203,0.15501510979111358,0.9882437846232963
3,15,0.10436108788054752,8.70710500497925,0.9086829506097945,0.8964287161991622,0.052780485645934086,0.9865142903777288
42,41,0.1737874214859171,5.194384579304943,0.9027187022436164,0.8949750444988085,0.06776059133538391,0.9914218485497621
8,23,0.14743862892879936,6.142625564562763,0.905660291262126,0.8922572201376163,0.02588702927778579,0.9852007742264695
8,12,0.15065868273189062,5.930038163188498,0.8934117382158193,0.881803649705256,0.06446677302816485,0.9870070114214694
52,19,0.12090814217878777,7.444100389229056,0.9000523482540761,0.8807389981200142,0.07508590291465345,0.978541970173706
25,47,0.11742943251432839,7.589690010871444,0.8912529909363005,0.8786085535201558,0.0634933313630159,0.9858127405520837
39,38,0.11111308700562657,8.000569244877907,0.8889679466006589,0.8781388249435806,0.08550780280090849,0.9878183215733616
32,58,0.10583729963128065,8.390568145404236,0.888035074881827,0.87604194895583,0.0703451981748569,0.9864947610007488
25,21,0.11061057488506311,7.974964090860944,0.8821153627778636,0.8714620371680328,0.009984076863103479,0.9879229791710208
58,19,0.1882907035724702,4.635098053646867,0.8727458736485558,0.8671137020615719,0.05877020484059961,0.9935466076013189
35,17,0.12716625189822742,6.851866130772367,0.8713261343587317,0.8610700434259817,0.008220462306540327,0.9882293316723499
4,55,0.18835288400461792,4.5657495718381265,0.8599720994985606,0.8540736688715774,0.09035677118773042,0.9931411372177976
41,6,0.17662574759901492,4.852052019824456,0.8569973153908049,0.8518932075376854,0.022224250108785402,0.9940441962168901
51,22,0.19924065605830732,4.2476354850958575,0.8463016807470451,0.8363402664733274,0.004043422680468482,0.9882294759654445
23,39,0.15902472536027018,5.295949624191628,0.8421869345088998,0.8351260354336166,0.005476826358763734,0.9916159954685113
5,26,0.12997092764906032,6.440288800964135,0.837050309789163,0.8294716181684804,0.012299670125394199,0.9909459544640853
46,50,0.07339115945033005,11.480955480900016,0.8426006343408738,0.8280862641127619,0.023424471258771132,0.9827743184178044
38,17,0.15512969822100475,5.347198606718238,0.8295093061879774,0.8215655578819784,0.03628465483223165,0.9904235573407795
50,50,0.0840234337830044,10.553312628276288,0.8867255648133169,0.8088697783623993,0.03464276700640208,0.9121985543889122
34,36,0.11264617627219492,7.2828658729852505,0.8203869928950492,0.8032858216001123,0.08835723609089428,0.9791547508151136
40,11,0.09621136819212947,8.64923302650031,0.8321545432921477,0.8009009952688301,0.09222141254791244,0.9624426156472413
48,10,0.10648321208275635,7.5842152634798765,0.8075916023824056,0.7945990332898648,0.11610988023400268,0.9839119561741201
45,3,0.15435484969269614,5.215290029082669,0.8050053085428722,0.7938195924418779,0.04792009041164574,0.9861047921270962
39,21,0.10521552787992909,7.588654471221985,0.7984442860880053,0.7885570157842665,0.03171233040402858,0.9876168312855219
54,34,0.16600482040999923,4.759852797564382,0.7901585088377077,0.7841402765798975,0.028818684514009745,0.9923835126870142
45,9,0.14043740632320956,5.608802002462108,0.7876856058062024,0.7826073613259894,0.021205337116957577,0.9935529550841349
51,43,0.1602174100409765,4.860556492354615,0.7787457725629098,0.7780113426932341,0.12030722704783336,0.9990569067652739
28,52,0.08692277752769983,9.059019898031325,0.7874351712155829,0.7761327076917156,0.019522760675037876,0.9856464837525362
21,23,0.05769120308377136,13.590782091063234,0.7840685696828118,0.7689808046424601,0.034111382727972386,0.9807570847452088
36,52,0.05712102357611183,13.668747353251758,0.7807728398210099,0.7687575651893823,0.020686982321817766,0.9846110494386793
52,7,0.09204925676384138,8.396281201407158,0.772871444169742,0.7628669267887886,0.041041939724328305,0.9870553926446323
15,15,0.12397110201144622,6.955712455783002,0.8623073384181617,0.7553013834871807,0.03716491467284695,0.8759074054416893
23,31,0.15724541564487604,4.847155505127796,0.7621929820991694,0.7551483316696568,0.07828142907598865,0.9907573926879898
7,6,0.10282201680881345,7.408569869297275,0.7617640956301532,0.7521900919166132,0.016862633579158477,0.987431799728471
23,20,0.14034050940520812,5.364820568681834,0.7529016514763469,0.7473707681539205,0.015976777924564308,0.992653909960775
58,24,0.16080509456983902,4.640193287417926,0.7461667204055717,0.7422307888829373,0.0475385196664575,0.9947251312407833
18,3,0.1153685149204737,6.479564278026473,0.7475377080876655,0.7401426856071545,0.010808177611247697,0.9901074923706139
9,28,0.09549553496307099,7.796518414871463,0.7445326968775846,0.7365915667727249,0.03460690029997222,0.9893340747314884
5,20,0.11521549314808188,6.3810284415798355,0.7351933386885572,0.7242870404972861,0.002954106296227757,0.9851654012389097
14,25,0.07766994026751538,9.340593300188058,0.7254833236887608,0.7163923352277547,0.09383574701743302,0.9874690593647523
2,0,0.12195431909168411,5.829464788198663,0.7109284089137166,0.7062313384705019,0.09228388924914964,0.9933930471981114
23,17,0.13875022887951569,4.9964670724771905,0.6932609498951738,0.6885230553004003,0.04362551892398385,0.9931657846940751
44,41,0.11075342235928931,6.125720800099822,0.6784445430285393,0.6715537946682203,0.023132295228904136,0.9898433137518373
46,34,0.06621275757950208,10.278800841104836,0.6805877483000566,0.6688244813909576,0.06456315882832309,0.9827160172388045
4,31,0.14376074777533784,4.644399599233217,0.6676823593532466,0.6644801431958193,0.052181319089593545,0.9952039826834287
32,50,0.08094035217221156,8.283622204980613,0.6704792985326825,0.663860468624547,0.04292194625845997,0.9901282113815884
37,27,0.05535228558304412,11.933947821763569,0.6605712879634044,0.6489349369254652,0.05716526365516494,0.9823844129316989
55,55,0.06369934112795135,10.846818196170648,0.6909351724307441,0.641756698969977,0.06803986239747956,0.9288233174065307
59,46,0.08032622915303383,7.980633619987827,0.6410542049455482,0.6344070756459692,0.04021113271362307,0.9896309403350009
42,30,0.11079470169320105,5.694572025763055,0.6309284088648652,0.6256585162935268,0.022387343183910346,0.9916474000896238
12,34,0.13334435365821198,4.669794785098172,0.6226907673354046,0.6201141755452965,0.008499241527578695,0.9958621647770147
18,39,0.09241255558700356,6.758473421008334,0.6245678007022188,0.618364389004152,0.03677883547873217,0.9900676728914104
40,44,0.08338254503667587,7.536542548357692,0.6284160984592593,0.6131637884504446,0.02031774526471512,0.9757289635860539
7,11,0.0784289104849644,7.7939697502794685,0.6112725558671889,0.6057873086155265,0.02034495620516331,0.991026511498
3,53,0.07392703601085274,8.246802948081479,0.609661698517226,0.6014585200894744,0.0006927777191429277,0.9865447043045303
35,55,0.092787883689604,6.534544210773945,0.606326528193868,0.60040414478543,0.03829965701131683,0.9902323531413352
49,19,0.09524590126559619,6.361252058544064,0.6058831854936585,0.5996472561131255,0.025212769042533924,0.9897077035147426
52,44,0.08053731912898242,7.482421878522444,0.6026141986882422,0.5949836595622334,0.0446181816855197,0.9873376048181096
12,19,0.12897996351139274,4.6168979410988955,0.5954873279787598,0.5933700368710564,0.016020816698254708,0.996444439691286
20,16,0.07031455293457196,8.276912534328602,0.5819874045298706,0.5764705541910873,0.042237118663635574,0.990520670557742
29,40,0.07454043439057063,7.784619909184317,0.5802689495960835,0.571745271249446,0.031097927063435973,0.9853108143171011
50,23,0.060370521697210654,9.459848765735565,0.5710960051641704,0.5644844827335258,0.04427185469700563,0.9884230980940867
33,44,0.11231257789429046,5.039724416011929,0.5660244410390973,0.5627290572033781,0.05439043896681014,0.9941780184797857
49,0,0.07503677532083253,7.539985697693074,0.5657762127200858,0.561936206045614,0.07636186839611568,0.9932128523820218
19,19,0.12142939948605595,5.1741656573561485,0.628295828614131,0.5570508896016803,0.0469808817309495,0.8866060607634465
1,24,0.13677459903940187,4.090905030275805,0.5595318952242454,0.5561106019833956,0.005245283023808625,0.9938854366121905
17,56,0.11285516114640051,4.905771538457421,0.5536416375200375,0.5500764346903094,0.05561920705262656,0.9935604503199978
11,18,0.0844830629407408,6.338025144042421,0.5354557771641336,0.5311263567734578,0.05635134656841313,0.9919145136249996
34,35,0.06581764777423464,8.11565937766308,0.5341536103746929,0.5238610890456834,0.00957557452890849,0.9807311583613755
30,17,0.07001117460969761,7.52852589942147,0.5270809412980273,0.5214780624478877,0.036508661770076764,0.9893699839794217
4,16,0.10016206738381797,5.2321347767908,0.5240614360741375,0.5194189605256797,0.030686356121266772,0.9911413524657804
11,11,0.07334328738911362,7.565456839282907,0.5548754751934615,0.5142246576693565,0.046058387698674874,0.926738846207013
29,34,0.06734564632613808,7.7120670798290325,0.5193741420016186,0.5137331813759969,0.03321078595578827,0.9891389267015066
16,5,0.09693578766953102,5.290252534013082,0.5128147963552906,0.5099820592489813,0.04352802916048409,0.9944761010672034
51,14,0.12374536971782973,4.093873330955196,0.5065978689170139,0.5063131925657931,0.019426692012323932,0.9994380624777808
59,50,0.06304613395206167,7.986579304845726,0.5035229486720673,0.4982529872200365,0.031264143363191416,0.9895338207207256
2,54,0.1064503533388192,4.682608989489342,0.49846538147867164,0.4956569718486931,0.05764231930184572,0.9943658883157592
54,56,0.11147339000707432,4.467404194694685,0.4979966901144404,0.49474055004338807,0.054787845669038784,0.9934615226653332
33,21,0.0911273622983071,5.4224027742619745,0.4941292621375165,0.4909778119806186,0.004706434277748416,0.9936222150793796
48,34,0.0773080012674374,6.3007954494986205,0.4871019025957032,0.4838774366769171,0.025636590138981973,0.9933803052264767
43,48,0.09723764026008794,4.9713998056966,0.48340718589539705,0.4815949108279556,0.019962292478723016,0.996251038213086
41,48,0.09878175963234759,4.779440816885247,0.47212157395058946,0.4708524966218933,0.0034050745633126107,0.9973119692072598
10,39,0.05134105540195643,8.753120676111621,0.44939445357225705,0.44600755949848997,0.006788812093982692,0.9924634270698169
6,56,0.06450342906871269,6.770519470238579,0.4367217224068724,0.43288157299013535,0.07439364509297873,0.9912068733481515
38,56,0.08718766662077268,4.934502950007033,0.4302277981444325,0.4282110640429726,0.05835024828139781,0.9953124040097873
9,50,0.04864819261950389,8.718632800975497,0.42414572788058075,0.4211961260382837,0.030420068053762447,0.993045782031011
25,55,0.057957781302137634,7.2345639845578384,0.4192992772333246,0.4158221583470249,0.05097010678167029,0.9917073100882909
22,51,0.06769661452965851,6.096638152788881,0.4127217629561582,0.40612676981958135,0.01800494844515283,0.9840207284216379
22,9,0.06061838803291807,6.565589595082142,0.39799545773957873,0.3946696524301817,0.014042453061647192,0.9916436098836756
2,50,0.07043039893277196,5.556276744241991,0.3913307876778468,0.38991208958607454,0.029606519241555565,0.9963746831671723
53,2,0.04759586601234142,8.186495266652342,0.3896433318222521,0.387338355546732,0.01738528305036012,0.9940843944005398
59,41,0.05411184392375267,7.207242203650292,0.38999716524460787,0.38709240332286116,0.018097678193877104,0.9925518383706076
24,1,0.03857367547121191,10.181259083317622,0.39272858376822245,0.38707354021202156,0.0235354032689117,0.9856006316068444
17,45,0.06929016397735689,5.597751834458156,0.38786914251415594,0.3858305320969721,0.019033544400868383,0.994744076819389
10,42,0.044807247969002297,8.657079544473273,0.3878999098365914,0.38417227655560604,0.010355978470577353,0.9903902187485538
4,53,0.07362795104853877,5.218746931302949,0.3842456435926854,0.3834422625003159,0.02098717495974507,0.997909199217308
13,4,0.054021573118093205,7.0538081290217844,0.38105781160295055,0.3789613836356881,0.00984345291592463,0.9944983991839882
4,15,0.06740385557967053,5.510035563014018,0.3713976413282455,0.37011638212556097,0.0400859289989651,0.9965501687137746
14,21,0.04232910839997726,8.726826195725573,0.36939877202662896,0.36703269133583427,0.0221151508006647,0.9935947792197205
9,56,0.04817496547791986,7.326128487722416,0.3529359869828326,0.3508494695079432,0.04038347328871588,0.9940881135621037
41,28,0.07778443975050578,4.4704351135259435,0.3477302907466042,0.34688986791429977,0.02344408347577193,0.997583118713932
21,37,0.02450935823813769,14.194816967942891,0.34790585419210773,0.34507678581566764,0.0011894732685646706,0.9918682932685636
57,57,0.07957009132858334,4.663805066345964,0.37109939506785805,0.34394924197118226,0.0015248249042089323,0.9268385951108565
1,20,0.07624041981447012,4.5136364157145605,0.3441215352239583,0.3438898557925809,0.03216144258789983,0.999326751139749
3,2,0.040984392352727855,8.315723474170946,0.34081487356221124,0.3388470418544765,0.0025753502474890073,0.9942260979188882
33,10,0.05553108282908883,6.104352590322235,0.33898130931114695,0.33760561210073037,0.03729349438723032,0.9959416723794826
28,27,0.03402330174608438,9.951539386868111,0.3385842273974573,0.3365726127629579,0.02429906148200876,0.9940587467704513
57,31,0.06982233473701391,4.772676020723231,0.33323938271025694,0.3326211513025424,0.009652884505130894,0.9981447828804434
15,30,0.0493499841979111,6.5662758906235945,0.324045611441399,0.32317196262895825,0.004954144552515618,0.9973039325897529
42,47,0.06180621470154822,5.243882425682041,0.3241045230713797,0.32295513770306467,0.01787131939549344,0.996453658352488
13,34,0.0468103899113643,6.727036995231877,0.31489522469497666,0.3130802878838011,0.00758998006019106,0.9942363787417431
33,12,0.06214776528642519,4.901835774104376,0.3046381391616411,0.3036739284107634,0.03762279154141715,0.9968348981072062
38,37,0.052755785978809595,5.497914810609294,0.29004681707823143,0.28919108913608366,0.002604010705333662,0.997049690285286
54,45,0.05571537052819175,5.097550880644386,0.2840119361014121,0.28325564378506385,0.011396977000565826,0.9973371108034057
23,11,0.04865089076855609,5.602815133031772,0.27258194703354177,0.27181652589947225,0.01717117994012006,0.9971919595468466
0,4,0.02983096343890607,9.11483209478569,0.27190422297131955,0.270464884182606,0.01865783977020228,0.9947064493041531
40,3,0.0345699488032266,7.838127841660543,0.27096367819934997,0.26951801241433565,0.0027190259258816156,0.9946647248272489
17,7,0.04473343265507501,5.828715072515653,0.2607384331619996,0.2600321732415141,0.02280392771579039,0.997291308719161
27,41,0.030879264962568678,7.974421857225522,0.2462442854525659,0.24521133558671288,0.0028730638061747597,0.9958051823864477
14,46,0.024979255065359026,9.109636332812682,0.22755192950998981,0.22661960663992264,0.022618691614640352,0.995902812724661
57,40,0.046216112793920114,4.882699734362206,0.2256594016621275,0.22539711117346084,0.011570299838208408,0.9988376709025428
44,46,0.032989965369012615,6.78305681737395,0.22377280950121153,0.22303338030481784,0.01611484696481249,0.9966956253619826
43,21,0.042590552306034736,4.977725326134473,0.21200407086780407,0.21150229543772386,0.007958049384007532,0.9976331802119353
18,49,0.034375670589708265,6.165424197420121,0.21194059125633052,0.21116294090214324,0.008232834939378458,0.9963308097350415
12,0,0.03683500837424889,5.472404508307892,0.20157606589079857,0.20136260690619961,0.028584469497793783,0.9989410499522567
26,44,0.037767226103977945,5.281876830609173,0.19948183651497906,0.19898649519895006,0.004361147038070247,0.9975168600576234
1,41,0.04547004939660199,4.166138115369366,0.1894345058989114,0.18933108664967865,0.001999752522523059,0.9994540632988589
54,8,0.03998024443909718,4.690919445869237,0.18754410608996638,0.18718877599652334,0.00889434731011269,0.9981053518510862
45,44,0.03710584237294259,5.014622879368198,0.18607180612158788,0.18567940097660107,0.01790937317046749,0.997891109066086
39,46,0.01802463552272264,7.921537674494449,0.14278282936227832,0.1424361508547732,0.011045038579609886,0.9975719874087556
8,39,0.02132178397223088,6.613761278499013,0.14101718922406148,0.14075539325471026,0.007009388508976904,0.998143517320181
58,53,0.024838916835134107,5.197705355967092,0.1291053710703977,0.12898304105196634,0.007913007815685784,0.9990524792468575
31,46,0.011415413084446982,11.036741541321437,0.12598896380046026,0.1256817772665435,0.009204660969624592,0.9975617980761928
57,1,0.02239395458484164,4.64643741531303,0.10405210845982897,0.10397493962001049,3.7341648750152395e-05,0.9992583635165041
51,23,0.021486902011227705,4.137330673194577,0.08889841876297863,0.08888713853297793,0.002061909466953979,0.9998731110163975
16,3,0.015110844805837076,5.35457218174983,0.08091210924007412,0.08078918583220807,0.00520604892551209,0.9984807786001311
19,32,0.01557578963245734,5.063567894311869,0.07886906831146664,0.07879895381833112,0.0077984762540475715,0.9991110013768816
58,26,0.015183574309741635,5.167231381219574,0.07845704165237631,0.07841610733634163,0.004319079046187187,0.9994782582267625
8,9,0.010642044404030824,6.819261605256391,0.07257088480584103,0.07246545660503122,0.005667890996576519,0.998547238316139
38,34,0.013292797728716485,5.257529125992285,0.06988727122465101,0.06982630743871696,0.0038680200131092743,0.999127683984998
47,24,0.007856083927678914,8.605592157709482,0.06760625423834117,0.06737353412736258,0.0054205307688429075,0.9965577132825884
26,26,0.0114430849245567,5.8581067689416795,0.06703481325412008,0.06630221427537458,0.0053292606516170266,0.9890713654117553
43,42,0.01004699018090801,4.963607481592875,0.049869315629445146,0.04985637448261285,0.0019605864894849303,0.9997404988083562
36,0,0.0024246318488157057,15.49125045581067,0.037560579233139366,0.037536312012160206,0.0052431269263614995,0.9993539178182388
26,59,0.004914410726788254,5.569574925634798,0.027371178758190545,0.027362775109608065,0.0008722912914102767,0.9996929745460829
46,29,0.002123249299455778,11.294612032045135,0.023981277084664635,0.023971795791347648,0.00022953405271855618,0.9996046376811579
1,17,0.00491087031085044,4.2037260034196535,0.020643953225143553,0.020643037511921036,0.00039265427713639905,0.9999556425451788
